websites,titles,contents,categories,keywords,focus keyphrase
ajath.com,1 Hyperledger and Smart Contracts,1 topic content ,"App Development       ,  Apps, Asides, Buying              ,             Clerkship,Clothes, Company History   , Markup , Equipollent, Media, News, One Page, Responsive, Technologies and Services, Uncategorized","Keyword 1,Keyword 2,Keyword 3,Keyword 4,Keyword 5",Focused Keyword Tag
usa.ajath.com,2 Hyperledger and Smart Contracts,2 topic content,"App Development, Apps, Asides, Buying, Clerkship, Clothes, Company History, Markup, Equipollent, Media, News, One Page, Responsive, Technologies and Services, Uncategorized","Keyword 1,Keyword 2,Keyword 3,Keyword 4,Keyword 5",Focused Keyword Tag
ajath.ae,3 Hyperledger and Smart Contracts,3 topic content,"App Development, Apps, Asides, Buying, Clerkship, Clothes, Company History, Markup, Equipollent, Media, News, One Page, Responsive, Technologies and Services, Uncategorized","Keyword 1,Keyword 2,Keyword 3,Keyword 4,Keyword 5",Focused Keyword Tag
usa.ajath.com,4 Hyperledger and Smart Contracts,4 topic content,"App Development, Apps, Asides, Buying, Clerkship, Clothes, Company History, Markup, Equipollent, Media, News, One Page, Responsive, Technologies and Services, Uncategorized","Keyword 1,Keyword 2,Keyword 3,Keyword 4,Keyword 5",Focused Keyword Tag
ajath.ae,5Hyperledger and Smart Contracts,5 topic content,"App Development, Apps, Asides, Buying, Clerkship, Clothes, Company History, Markup, Equipollent, Media, News, One Page, Responsive, Technologies and Services, Uncategorized","Keyword 1,Keyword 2,Keyword 3,Keyword 4,Keyword 5",Focused Keyword Tag
ajath.com,6 Hyperledger and Smart Contracts,6 topic content,"App Development, Apps, Asides, Buying, Clerkship, Clothes, Company History, Markup, Equipollent, Media, News, One Page, Responsive, Technologies and Services, Uncategorized","Keyword 1,Keyword 2,Keyword 3,Keyword 4,Keyword 5",Focused Keyword Tag
